QTL_No	QTL	Trait	GRMZM_ID	12DAP	16DAP	20DAP	24DAP	30DAP	36DAP
11	11_mitogen	dT	GRMZM2G017351	0.8004580042	0.6584804796	0.9614093828	0.457964635	0.6488721572	0.8752307395
11	11_mitogen	gT	GRMZM2G017351	0.9226496186	0.3092197307	0.5241346512	0.3450729891	0.1703300789	0.8148308441
11	11_mitogen	PC8	GRMZM2G017351	0.5279982931	0.9779398376	0.8365154958	0.9854558951	0.984719017	0.8680913752
11	11_mitogen	totalT	GRMZM2G017351	0.9211295821	0.5100783224	0.3995604949	0.2198910876	0.0212872873	0.7935417035
11	11_mitogen	totalT+T3	GRMZM2G017351	0.9489988742	0.5333301555	0.3264699032	0.2758848324	0.1480531001	0.8179842261
11	11_rRNA	dT	GRMZM2G043174	0.3461207888	0.1799192413	0.9614093828	0.2492825069	0.6488721572	0.928239184
11	11_rRNA	gT	GRMZM2G043174	0.9226496186	0.3092197307	0.1691407768	0.3450729891	0.739870514	0.9138930062
11	11_rRNA	PC8	GRMZM2G043174	0.3915830064	0.9779398376	0.8365154958	0.8510082541	0.9326231851	0.8680913752
11	11_rRNA	totalT	GRMZM2G043174	0.9211295821	0.2004682387	0.1003421208	0.2198910876	0.741498628	0.9236148087
11	11_rRNA	totalT+T3	GRMZM2G043174	0.6878922188	0.0476959642	0.120625823	0.1665228148	0.1480531001	0.8179842261
2	2	gT	GRMZM2G112728	0.9860322781	0.9048430359	0.9744095222	0.9907166531	0.9280635129	0.8383178071
2	2	PC8	GRMZM2G112728	0.9849464314	0.7086588867	0.3027931601	0.935452476	0.8720574746	0.9697805002
22	22	dT3	GRMZM2G014170	0.5141000367	0.8738804523	0.6777054576	0.6339133266	0.7828358922	0.7472260936
22	22	PC8	GRMZM2G014170	0.9809787613	0.7636406864	0.8262875092	0.729818941	0.8292164011	0.9921144013
22	22	totalT+T3	GRMZM2G014170	0.7910199803	0.5107623451	0.9106152466	0.9876475806	0.961523506	0.9928266438
23	23	aT	GRMZM2G073351	0.9854284844	0.9622908141	0.9527294008	0.9807537209	0.9822309815	0.6628993627
23	23	dT	GRMZM2G073351	0.7455655022	0.4598661516	0.0559349967	0.1128756979	0.2980271579	0.937350657
23	23	gT3	GRMZM2G073351	0.9986927209	0.9945677602	0.9880502506	0.9969212562	0.9935889581	0.999698633
23	23	gT	GRMZM2G073351	0.9356491766	0.6355713316	0.1534378511	0.2096381456	0.1773609303	0.9631602316
23	23	totalT	GRMZM2G073351	0.9046477027	0.673666558	0.0824504082	0.237679035	0.1559717281	0.9596156704
23	23	totalT+T3	GRMZM2G073351	0.9645747858	0.7350433098	0.1365000388	0.3243827917	0.3355874129	0.8675657527
24	24	aT3	GRMZM2G084942	0.2065636544	0.6423720834	0.973333673	0.978368395	0.7025541651	0.9370967925
24	24	totalT3	GRMZM2G084942	0.9846218287	0.9997663098	0.997971783	0.9958666505	0.9994765029	0.9889239285
25	25	dT3	GRMZM2G088396	0.906502008	0.8010060941	0.9623917266	0.8309305778	0.5051392823	0.9952363066
25	25	gT3	GRMZM2G088396	0.9593687794	0.7342437464	0.8141032324	0.8472074315	0.4841996074	0.9286049532
25	25	gT	GRMZM2G088396	0.9917075775	0.9992562341	0.997604261	0.9874312079	0.9998572778	0.9960289773
25	25	totalT3	GRMZM2G088396	0.9688741282	0.8542757386	0.9469533158	0.9539588561	0.6070679093	0.9695682349
25	25	totalT+T3	GRMZM2G088396	0.8964994579	0.8881231585	0.9973941522	0.95475365	0.8962445506	0.9773868764
27	27	aT3	GRMZM2G035213	0.965675762	0.7197880184	0.7102638289	0.366468357	0.1306967867	0.2973339222
27	27	aT	GRMZM2G035213	0.9536913128	0.6095911216	0.0361954023	0.0506435498	0.0026236744	0.0414724265
27	27	gT3	GRMZM2G035213	0.8389447338	0.9268897086	0.5851361357	0.9945738604	0.9205772339	0.9059426437
27	27	gT	GRMZM2G035213	0.9566649994	0.9637292058	0.6245655062	0.8384884787	0.1965155109	0.7027182694
29	29	dT3	GRMZM2G060870	0.8979701013	0.9630711559	0.9470992398	0.9302002239	0.9957130234	0.9916206311
29	29	gT3	GRMZM2G060870	0.9366273768	0.9951019701	0.9046790608	0.8554734128	0.6095108742	0.8887090668
29	29	gT	GRMZM2G060870	0.2207107584	0.4953047438	0.754553985	0.9330593373	0.7674485497	0.9900402898
29	29	totalT3	GRMZM2G060870	0.9265981695	0.9787949345	0.9331799568	0.9145643141	0.591474451	0.9637047854
29	29	totalT	GRMZM2G060870	0.2380351043	0.6604791613	0.7759146465	0.8379592683	0.654981344	0.9023985216
29	29	totalT+T3	GRMZM2G060870	0.1742270114	0.4416348139	0.5985268155	0.7854329699	0.5362413979	0.9412537301
34	34	dT3	GRMZM2G493395	0.488347735	0.5604711747	0.0503556081	0.7978845952	0.4983372792	0.4494461263
34	34	gT3	GRMZM2G493395	0.5049671923	0.3037914176	0.1771967843	0.0069612752	0.0027448251	0.0065109895
34	34	PC8	GRMZM2G493395	0.9868000273	0.9975801352	0.9879312071	0.80696484	0.8757142748	0.6814481255
34	34	totalT3	GRMZM2G493395	0.3232997022	0.2072924271	0.2098621291	0.0121434959	0.0026981088	0.0110519469
34	34	totalT+T3	GRMZM2G493395	0.2463954275	0.7369379002	0.2058672733	0.0368867756	0.0351575016	0.0409289729
37	37	aT3	GRMZM2G128176	0.8390920926	0.9775200754	0.0183331289	0.8231893654	0.471409558	0.3221397557
41	41	PC8	GRMZM2G173641	0.9163489416	0.515354917	0.5315392911	0.5522472741	0.3397676139	0.2808164838
42	42	dT3	GRMZM2G173358	0.9698069836	0.419331496	0.2495641874	0.904408074	0.8407707686	0.1901853649
42	42	gT3	GRMZM2G173358	0.2838173829	0.363950841	0.0958397944	0.2631597569	0.1343655225	0.0141408713
42	42	gT	GRMZM2G173358	0.9916916851	0.978285355	0.752679807	0.9502321756	0.9339307907	0.8740114843
42	42	totalT3	GRMZM2G173358	0.2731113549	0.2342927177	0.065428459	0.1823589296	0.0887917933	0.0100391421
42	42	totalT	GRMZM2G173358	0.991534539	0.9444863786	0.8672752303	0.9454520111	0.9244197976	0.9211158296
42	42	totalT+T3	GRMZM2G173358	0.8681179491	0.5883406971	0.2052157181	0.991690132	0.5505940542	0.2406210615
43	43	gT	GRMZM2G118979	0.9104562245	0.2132777007	0.6504409357	0.6747125258	0.7339350107	0.1464953293
43	43	totalT	GRMZM2G118979	0.875444765	0.2978519422	0.7744346033	0.7037783294	0.8477369586	0.0968060074
4	4	dT3	GRMZM2G082998	0.9795444993	0.9162437521	0.9000159135	0.5593545488	0.9930397248	0.862871512
4	4	dT	GRMZM2G082998	0.6327112202	0.8279015934	0.8937256598	0.2002795899	0.4064475296	0.8105381623
4	4	totalT+T3	GRMZM2G082998	0.9945660798	0.9945487463	0.9767850767	0.9595982644	0.8935785184	0.9865612392
47	47	aT3	GRMZM2G139512	0.6964947928	0.980954256	0.9712275833	0.8026560181	0.4841084081	0.2929413429
47	47	totalT3	GRMZM2G139512	0.981113447	0.9986655203	0.8751410406	0.9978772979	0.9697251613	0.9929115858
5	5	dT	GRMZM2G036455	0.511287682	0.2627181845	0.0159839175	0.0202160007	0.0360881953	0.0259167288
5	5	gT3	GRMZM2G036455	0.7247808281	0.8125476421	0.9376514927	0.9885311852	0.9661725656	0.943930221
5	5	gT	GRMZM2G036455	0.3561143843	0.2184844987	0.0301700852	0.0364954981	0.0240493253	0.0275137988
5	5	totalT	GRMZM2G036455	0.4535707616	0.2720843569	0.0157759745	0.0178740665	0.0139113798	0.0259290808
6	6	aT3	GRMZM2G039373	0.8726749105	0.9845059316	0.9324201843	0.4906559508	0.4630931792	0.1686219024
9	9	gT3	GRMZM2G031028	0.9732170499	0.6614344053	0.9588604152	0.7334928875	0.9745094729	0.9494709771
9	9	totalT3	GRMZM2G031028	0.9981856772	0.9244548622	0.9469842293	0.7616086419	0.9784379496	0.9404031054
