Chr	bp	allele	RMIP	Trait	QTL_No
1	10160084	T/A_hm2	0.14	PC8	2
1	10991260	G/C_hm2	0.13	PC8	2
1	11111982	-/T_hm1	0.13	PC8	2
1	11112965	G/A_hm2	0.07	PC8	2
1	11113039	G/A_hm2	0.52	PC8	2
1	12171567	C/T_hm2	0.06	PC8	2
1	12345233	T/A_hm1	0.05	gT	2
1	12976440	C/G_hm2	0.05	gT	2
1	13792062	A/T_hm2	0.12	gT	2
1	13810212	C/T_hm2	0.21	gT	2
1	13813076	A/G_hm2	0.08	gT	2
1	13813106	A/T_hm2	0.07	gT	2
1	76888143	A/G_hm2	0.1	gT3	4
1	76888143	A/G_hm2	0.06	totalT3	4
1	77897383	T/C_hm2	0.08	gT3	4
1	77919369	C/T_hm2	0.13	gT3	4
1	77919933	C/T_hm2	0.07	totalT3	4
1	79443116	C/G_hm2	0.27	totalT3	4
1	80962406	G/A_hm2	0.22	gT3	4
1	81642678	C/T_hm2	0.12	gT3	4
1	81642678	C/T_hm2	0.12	totalT3	4
1	93473298	T/C_hm2	0.05	totalTocochrs	4
1	112329563	C/T_hm2	0.05	totalTocochrs	4
1	166467509	A/G_hm2	0.09	totalTocochrs	4
1	167899880	T/C_hm2	0.06	totalTocochrs	4
1	169335831	G/T_hm2	0.05	totalTocochrs	4
1	172904037	T/A_hm2	0.18	totalTocochrs	4
1	172982216	A/G_hm2	0.05	totalTocochrs	4
1	173993427	T/C_hm2	0.92	dT	4
1	174019474	A/G_hm2	0.44	dT3	4
1	174019977	A/G_hm2	0.26	dT3	4
1	174514570	A/G_hm2	0.07	totalTocochrs	4
1	176456516	T/C_hm2	0.13	dT3	4
1	176733797	T/C_hm2	0.05	dT3	4
1	226174407	G/C_hm1	0.1	dT	5
1	226232001	win2k-	0.22	dT	5
1	226236398	G/A_hm2	0.1	gT	5
1	226455272	T/C_hm2	0.06	gT	5
1	226591184	T/G_hm2	0.09	gT	5
1	226833535	A/G_hm2	0.07	gT	5
1	226837114	G/A_hm2	0.05	dT	5
1	226939452	C/A_hm2	0.08	gT3	5
1	226940524	G/T_hm2	0.05	gT3	5
1	226956001	win2k-	0.06	gT3	5
1	227186314	T/C_hm2	0.34	gT	5
1	227193670	A/T_hm2	0.1	dT	5
1	227266196	C/T_hm2	0.16	dT	5
1	227266196	C/T_hm2	0.6	gT	5
1	227266196	C/T_hm2	0.28	totalT	5
1	227299780	G/A_hm2	0.73	dT	5
1	227400782	A/G_hm2	0.08	totalT	5
1	227448001	win2k-	0.15	totalT	5
1	227532930	A/G_hm2	0.11	gT	5
1	227599578	G/A_hm2	0.06	gT	5
1	227619845	G/A_hm2	0.08	totalT	5
1	227643661	C/T_hm2	0.41	totalT	5
1	227663017	C/G_hm2	0.11	gT	5
1	227689373	T/C_hm2	0.19	gT	5
1	227689373	T/C_hm2	0.54	totalT	5
1	227705096	C/T_hm2	0.25	gT	5
1	227705096	C/T_hm2	0.11	totalT	5
1	227705096	C/T_hm2	0.35	totalTocochrs	5
1	227729877	C/T_hm2	0.12	totalTocochrs	5
1	227737906	A/T_hm2	0.05	totalT	5
1	227981726	G/C_hm2	0.07	totalTocochrs	5
1	228000251	C/T_hm2	0.13	totalTocochrs	5
1	228009448	A/G_hm2	0.12	dT	5
1	228019115	C/G_hm1	0.67	totalTocochrs	5
1	228252525	G/A_hm2	0.08	gT3	5
1	228325570	A/G_hm2	0.14	totalTocochrs	5
1	228635761	C/A_hm2	0.29	gT3	5
1	231088143	C/T_hm2	0.05	aT	5
1	235581371	+/-_hm2	0.06	aT	5
1	235909167	cnv_GRMZM2G067315-	0.05	aT	5
1	257997243	A/T_hm2	0.2	aT3	6
1	258381513	C/T_hm2	0.14	aT3	6
1	258444519	G/C_hm2	0.26	aT3	6
2	36602234	A/G_hm2	0.05	gT3	9
2	38987758	T/A_hm2	0.05	dT	9
2	38987867	G/T_hm2	0.06	dT	9
2	39640086	T/C_hm2	0.09	gT3	9
2	39640086	A/G_hm1	0.09	gT3	9
2	40408126	G/A_hm2	0.07	gT3	9
2	40408456	T/C_hm2	0.05	totalT3	9
2	41021837	C/G_hm2	0.09	aT3	9
2	42063660	A/G_hm2	0.21	totalT3	9
2	42070941	G/A_hm2	0.07	totalT3	9
2	43433675	T/A_hm2	0.2	totalT3	9
2	43835938	C/A_hm2	0.11	gT3	9
2	43835938	C/A_hm2	0.06	totalT3	9
2	44196026	G/A_hm1	0.09	totalT3	9
2	209672624	G/T_hm2	0.32	gT	11
2	209672624	G/T_hm2	0.1	totalT	11
2	209781380	G/T_hm2	0.12	dT	11
2	209781380	G/T_hm2	0.32	gT	11
2	209781380	G/T_hm2	0.47	totalT	11
2	209781380	G/T_hm2	0.08	totalTocochrs	11
2	209839574	C/T_hm2	0.06	totalTocochrs	11
2	209850250	G/T_hm2	0.05	totalT	11
2	209872537	T/C_hm2	0.24	gT	11
2	209872537	T/C_hm2	0.17	totalT	11
2	209888623	C/T_hm2	0.07	dT	11
2	209925694	A/G_hm2	0.12	dT	11
2	209925694	A/G_hm2	0.12	totalTocochrs	11
2	209927788	G/T_hm2	0.05	totalT	11
2	209952019	G/A_hm2	0.16	gT	11
2	209952038	C/A_hm2	0.05	dT	11
2	209952351	C/A_hm2	0.17	gT	11
2	209952351	C/A_hm1	0.07	PC8	11
2	209952351	C/A_hm2	0.13	totalT	11
2	209954287	C/A_hm2	0.07	dT	11
2	209997410	T/A_hm2	0.08	totalT	11
2	210027956	C/T_hm2	0.26	dT	11
2	210031865	T/C_hm2	0.24	dT	11
2	210031865	T/C_hm2	0.38	totalTocochrs	11
2	210887334	G/A_hm2	0.26	aT	11
2	211528940	G/A_hm2	0.11	aT	11
2	211530228	G/A_hm2	0.09	aT	11
2	213397102	+/-_hm2	0.05	aT	11
2	213421354	G/A_hm2	0.05	aT	11
2	213991896	T/C_hm2	0.06	PC8	11
2	214209126	G/T_hm2	0.1	PC8	11
2	216251410	T/C_hm2	0.06	PC8	11
2	219475643	G/A_hm2	0.11	PC8	11
5	760520	C/T_hm2	0.41	dT3	22
5	763704	T/C_hm2	0.07	dT3	22
5	804596	T/A_hm2	0.08	dT3	22
5	1087836	T/C_hm2	0.09	PC8	22
5	1132110	T/C_hm2	0.14	PC8	22
5	1729488	A/G_hm2	0.21	PC8	22
5	2260175	G/A_hm2	0.14	totalTocochrs	22
5	2338299	C/T_hm2	0.05	totalTocochrs	22
5	2380138	A/T_hm1	0.05	totalTocochrs	22
5	2432772	A/G_hm2	0.11	totalTocochrs	22
5	2467609	A/C_hm2	0.05	totalTocochrs	22
5	2495736	GGCGTCG/-------_hm1	0.05	totalTocochrs	22
5	2808639	T/C_hm2	0.07	totalTocochrs	22
5	19438854	cnv_GRMZM2G386714-	0.08	gT3	23
5	19888572	G/A_hm1	0.09	gT3	23
5	19888572	G/A_hm2	0.09	gT3	23
5	20050745	cnv_GRMZM2G156748-	0.05	gT3	23
5	20174148	C/G_hm2	0.08	gT3	23
5	20192150	+/-_hm2	0.11	gT3	23
5	20410407	G/T_hm2	0.08	aT	23
5	20974987	A/G_hm2	0.07	gT3	23
5	20974987	A/G_hm1	0.07	gT3	23
5	22104888	A/C_hm2	0.07	aT	23
5	22637376	T/A_hm2	0.07	gT3	23
5	24072001	win2k+	0.05	aT	23
5	24182001	win2k+	0.13	gT	23
5	24182001	win2k+	0.7	totalTocochrs	23
5	24307963	C/T_hm2	0.11	gT	23
5	24770499	T/C_hm2	0.06	gT	23
5	24839817	T/C_hm2	0.08	dT	23
5	24863016	A/G_hm2	0.54	dT	23
5	24863016	A/G_hm2	0.89	gT	23
5	24863016	A/G_hm2	0.9	totalT	23
5	24863016	A/G_hm2	0.08	totalTocochrs	23
5	24865416	T/A_hm2	0.36	totalTocochrs	23
5	24952811	A/G_hm2	0.06	totalTocochrs	23
5	24964450	T/G_hm2	0.26	gT	23
5	24964450	T/G_hm2	0.77	totalT	23
5	24964475	A/G_hm2	0.08	gT	23
5	24972692	+/-_hm2	0.05	gT	23
5	24978624	T/C_hm2	0.17	aT	23
5	25320973	C/T_hm2	0.06	dT	23
5	25322716	C/T_hm2	0.08	totalT	23
5	25322716	C/T_hm2	0.15	totalTocochrs	23
5	25342428	T/C_hm2	0.06	dT	23
5	25362172	C/T_hm2	0.06	dT	23
5	25542046	T/A_hm2	0.05	dT	23
5	59303488	C/T_hm2	0.97	totalT3	24
5	60140962	C/T_hm2	0.07	aT3	24
5	60288598	A/G_hm2	0.1	aT3	24
5	60678245	+/-_hm2	0.22	aT3	24
5	60943260	G/A_hm2	0.07	aT3	24
5	82881639	G/A_hm1	0.11	totalTocochrs	25
5	82881639	A/G_hm2	0.11	totalTocochrs	25
5	82881987	G/A_hm1	0.06	totalTocochrs	25
5	83440127	T/C_hm2	0.06	totalTocochrs	25
5	83856168	T/A_hm2	0.7	gT3	25
5	83856168	T/A_hm2	0.13	totalT3	25
5	83859304	C/T_hm2	0.28	gT3	25
5	83859304	C/T_hm2	0.85	totalT3	25
5	83867298	A/G_hm2	0.15	dT3	25
5	84961732	G/A_hm2	0.11	dT3	25
5	89066901	T/A_hm2	0.13	totalTocochrs	25
5	90995060	C/T_hm2	0.57	totalTocochrs	25
5	92565120	T/C_hm2	0.17	totalT	25
5	93413401	C/T_hm2	0.14	gT	25
5	132656457	A/T_hm2	0.06	PC8	25
5	133195401	C/T_hm2	0.25	PC8	25
5	133316193	A/T_hm2	0.2	PC8	25
5	133733195	A/G_hm2	0.09	dT	25
5	134786010	A/G_hm2	0.06	PC8	25
5	135581071	C/A_hm2	0.07	dT	25
5	138758001	win2k+	0.19	PC8	25
5	142786332	C/T_hm2	0.17	dT	25
5	143401799	A/G_hm2	0.7	dT	25
5	144683906	C/T_hm2	0.05	dT	25
5	199965483	G/T_hm2	0.08	gT	27
5	200167440	C/T_hm2	0.16	aT	27
5	200241801	G/C_hm2	0.05	aT	27
5	200272512	A/G_hm2	0.41	aT	27
5	200321569	A/T_hm2	0.09	aT	27
5	200323285	T/G_hm2	0.1	aT3	27
5	200323285	T/G_hm2	0.15	gT3	27
5	200365116	G/T_hm2	0.88	aT3	27
5	200365116	G/T_hm2	0.25	gT3	27
5	200366239	C/T_hm2	0.55	gT3	27
5	200369757	A/G_hm1	0.98	aT	27
5	200529276	G/T_hm2	0.16	aT3	27
5	200529583	C/A_hm2	0.24	aT	27
5	200530426	C/A_hm2	0.05	aT	27
5	200532001	win2k-	0.95	gT	27
5	200664718	T/C_hm1	0.11	gT	27
6	69419246	C/T_hm2	0.11	totalTocochrs	29
6	70716729	A/G_hm2	0.22	totalTocochrs	29
6	72896287	G/A_hm2	0.07	dT3	29
6	72897005	A/C_hm2	0.06	dT3	29
6	75129290	A/C_hm2	0.07	dT3	29
6	75152283	G/A_hm2	0.23	gT3	29
6	75152283	G/A_hm2	0.16	totalT3	29
6	75470562	G/A_hm2	0.14	gT3	29
6	75470562	G/A_hm2	0.26	totalT3	29
6	75471325	C/T_hm2	0.22	totalT3	29
6	75480925	A/T_hm2	0.09	dT3	29
6	75506978	T/C_hm2	0.09	gT3	29
6	75771344	A/C_hm2	0.05	dT3	29
6	80193080	A/G_hm2	0.06	totalT3	29
6	81337783	C/T_hm2	0.09	gT3	29
6	83172001	win2k+	0.14	totalTocochrs	29
6	85750001	win2k+	0.07	gT	29
6	86539452	G/A_hm2	0.19	gT	29
6	86539452	G/A_hm2	0.07	totalT	29
6	87679395	A/G_hm2	0.06	totalT3	29
6	87700170	G/C_hm2	0.06	totalT3	29
6	87856901	A/C_hm2	0.08	gT3	29
6	87856901	A/C_hm2	0.11	totalT3	29
7	9740022	A/G_hm2	0.08	totalTocochrs	34
7	10167118	-/+_hm2	0.07	totalTocochrs	34
7	10289676	G/C_hm2	0.14	totalTocochrs	34
7	11576979	T/C_hm2	0.13	totalTocochrs	34
7	13207712	C/T_hm2	0.05	totalTocochrs	34
7	13556857	G/A_hm2	0.08	totalTocochrs	34
7	13852792	T/C_hm2	0.25	dT3	34
7	13852850	T/C_hm2	0.5	dT3	34
7	13989311	--/CA_hm1	0.15	dT3	34
7	13995030	T/C_hm2	0.25	totalT3	34
7	13995034	A/T_hm2	0.96	gT3	34
7	13995034	A/T_hm2	0.09	totalT3	34
7	14077673	C/G_hm2	0.94	totalT3	34
7	14085701	G/T_hm2	0.21	PC8	34
7	14177371	A/G_hm2	0.59	totalT3	34
7	14177525	T/C_hm2	0.05	totalT3	34
7	14185599	A/G_hm2	0.11	totalT3	34
7	14279644	G/A_hm2	0.12	gT3	34
7	14370954	CGA/---_hm1	0.05	dT3	34
7	14482034	-/+_hm2	0.07	totalTocochrs	34
7	14490838	T/C_hm2	0.05	gT3	34
7	14504214	C/T_hm2	0.05	gT3	34
7	14542643	G/T_hm2	0.07	gT3	34
7	14591312	A/G_hm1	0.33	gT3	34
7	14624377	T/C_hm2	0.14	gT3	34
7	14625851	C/T_hm2	0.12	PC8	34
7	14657253	C/G_hm2	0.07	PC8	34
7	14741938	C/T_hm2	0.23	gT3	34
7	14789013	A/T_hm2	0.11	PC8	34
7	14912914	T/C_hm2	0.05	PC8	34
7	15056430	G/A_hm2	0.06	PC8	34
7	15056485	C/G_hm2	0.08	totalTocochrs	34
7	15661876	G/A_hm1	0.21	totalTocochrs	34
7	15664808	C/T_hm2	0.25	totalTocochrs	34
7	15741723	G/A_hm2	0.08	totalTocochrs	34
7	15742048	A/T_hm2	0.06	totalTocochrs	34
7	171558757	G/A_hm2	0.13	aT3	37
7	171561148	C/T_hm2	0.25	aT3	37
7	171567961	T/A_hm2	0.23	aT3	37
7	171823716	C/G_hm1	0.14	aT3	37
9	20331575	T/G_hm2	0.12	PC8	41
9	20338487	G/A_hm2	0.17	PC8	41
9	20460216	T/C_hm2	0.07	PC8	41
9	20464037	C/T_hm2	0.47	PC8	41
9	20464920	C/T_hm2	0.07	PC8	41
9	20466024	T/C_hm2	0.05	PC8	41
9	27420782	C/T_hm2	0.05	aT	42
9	28470005	C/G_hm2	0.22	dT	42
9	30456307	C/T_hm2	0.06	aT	42
9	30561203	G/C_hm2	0.71	aT	42
9	31548131	C/T_hm2	0.19	dT	42
9	31573887	A/T_hm2	0.06	dT	42
9	31876992	G/C_hm2	0.14	dT	42
9	89393036	T/G_hm2	0.05	dT3	42
9	89473774	A/T_hm1	0.08	dT3	42
9	89544798	A/G_hm2	0.79	aT3	42
9	89958001	win2k-	0.06	dT3	42
9	90769121	T/A_hm2	0.18	totalTocochrs	42
9	92174863	C/T_hm2	0.06	totalTocochrs	42
9	92352994	A/G_hm2	0.05	gT3	42
9	92478319	G/A_hm2	0.95	dT3	42
9	92546415	A/G_hm2	0.1	totalTocochrs	42
9	92548292	A/G_hm1	0.98	gT3	42
9	92548292	A/G_hm1	0.98	totalT3	42
9	92552763	C/T_hm2	0.09	totalTocochrs	42
9	93580807	G/A_hm2	0.65	dT3	42
9	93684236	G/A_hm2	0.16	dT3	42
9	94064935	C/T_hm1	0.05	dT3	42
9	94574341	G/A_hm2	0.08	totalTocochrs	42
9	95439580	A/G_hm2	0.13	totalT	42
9	95447508	G/A_hm2	0.06	gT	42
9	137426538	G/A_hm2	0.24	gT	43
9	137426538	G/A_hm2	0.13	totalT	43
9	137734902	G/C_hm2	0.13	gT	43
9	137734902	G/C_hm2	0.06	totalT	43
9	137846896	T/A_hm1	0.16	totalT	43
9	138244786	G/C_hm2	0.1	gT	43
9	138244786	G/C_hm2	0.18	totalT	43
9	138272075	C/A_hm1	0.06	totalT	43
9	138272886	C/A_hm2	0.09	totalT	43
9	138313542	G/A_hm2	0.07	gT	43
9	138755853	A/G_hm1	0.07	gT	43
10	87370143	A/G_hm2	0.08	totalT3	47
10	90649133	A/G_hm2	0.16	totalT3	47
10	96709166	C/G_hm2	0.28	totalT3	47
10	99098379	T/C_hm2	0.05	aT3	47
10	106529052	G/A_hm1	0.25	aT3	47
10	109213639	G/T_hm2	0.16	aT3	47
10	109796007	A/C_hm2	0.06	totalT3	47
10	112563275	T/C_hm2	0.12	totalT3	47
